CREATE TABLE dept ( 
        deptno      int(2) primary key,
        dname       varchar(14),
        loc         varchar(13)
);

CREATE TABLE emp ( 
        empno       int(4) primary key,
        ename       varchar(10),
        job         varchar(9),
        mgr         int(4),
        hiredate    date,
        sal         decimal(7,2),
        comm        decimal(7,2),
        deptno      int(2)
);

create table salgrade(
        grade       int(1),
        losal       decimal(7,2),
        hisal       decimal(7,2)
);

insert into dept values(10, 'ACCOUNTING', 'NEW YORK');
insert into dept values(20, 'RESEARCH', 'DALLAS');
insert into dept values(30, 'SALES', 'CHICAGO');
insert into dept values(40, 'OPERATIONS', 'BOSTON');

insert into emp values( 7839, 'KING', 'PRESIDENT', null, STR_TO_DATE ('17-11-2011','%d-%m-%Y'), 5000, null, 10);
insert into emp values( 7698, 'BLAKE', 'MANAGER', 7839, STR_TO_DATE('1-5-2011','%d-%m-%Y'), 2850, null, 30);
insert into emp values( 7782, 'CLARK', 'MANAGER', 7839, STR_TO_DATE('9-6-2011','%d-%m-%Y'), 2450, null, 10);
insert into emp values( 7566, 'JONES', 'MANAGER', 7839, STR_TO_DATE('2-4-2011','%d-%m-%Y'), 2975, null, 20);
insert into emp values( 7788, 'SCOTT', 'ANALYST', 7566, STR_TO_DATE('13-7-2017','%d-%m-%Y') , 3000, null, 20);
insert into emp values( 7902, 'FORD', 'ANALYST', 7566, STR_TO_DATE('3-12-2011','%d-%m-%Y'), 3000, null, 20);
insert into emp values( 7369, 'SMITH', 'CLERK', 7902, STR_TO_DATE('17-12-2010','%d-%m-%Y'), 800, null, 20);
insert into emp values( 7499, 'ALLEN', 'SALESMAN', 7698, STR_TO_DATE('20-2-2011','%d-%m-%Y'), 1600, 300, 30);
insert into emp values( 7521, 'WARD', 'SALESMAN', 7698, STR_TO_DATE('22-2-2011','%d-%m-%Y'), 1250, 500, 30);
insert into emp values( 7654, 'MARTIN', 'SALESMAN', 7698, STR_TO_DATE('28-09-2011','%d-%m-%Y'), 1250, 1400, 30);
insert into emp values( 7844, 'TURNER', 'SALESMAN', 7698, STR_TO_DATE('8-9-2011','%d-%m-%Y'), 1500, 0, 30);
insert into emp values( 7876, 'ADAMS', 'CLERK', 7788, STR_TO_DATE('13-7-2017', '%d-%m-%Y'), 1100, null, 20);
insert into emp values( 7900, 'JAMES', 'CLERK', 7698, STR_TO_DATE('3-12-2011','%d-%m-%Y'), 950, null, 30);
insert into emp values( 7934, 'MILLER', 'CLERK', 7782, STR_TO_DATE('23-1-2012','%d-%m-%Y'), 1300, null, 10);

insert into salgrade values (1, 700, 1200);
insert into salgrade values (2, 1201, 1400);
insert into salgrade values (3, 1401, 2000);
insert into salgrade values (4, 2001, 3000);
insert into salgrade values (5, 3001, 9999);

create index idx_emp on emp ( deptno );

alter table emp add constraint fk_emp_dept foreign key ( deptno ) references dept( deptno ) on delete no action on update no action;
